codon,amino_acid,fraction,number
TTT,F,0.59,147662
TTC,F,0.41,103110
TTA,L,0.28,149466
TTG,L,0.29,153307
TAT,Y,0.56,106420
TAC,Y,0.44,83100
TAA,*,0.48,5596
TAG,*,0.24,2681
CTT,L,0.13,68959
CTC,L,0.06,30501
CTA,L,0.14,75775
CTG,L,0.11,59027
CAT,H,0.64,77724
CAC,H,0.36,44082
CAA,Q,0.69,155751
CAG,Q,0.31,68932
ATT,I,0.46,171272
ATC,I,0.26,96735
ATA,I,0.27,100930
ATG,M,1,118274
AAT,N,0.59,204015
AAC,N,0.41,141103
AAA,K,0.58,239186
AAG,K,0.42,174250
GTT,V,0.39,124665
GTC,V,0.21,65664
GTA,V,0.21,66649
GTG,V,0.19,60286
GAT,D,0.65,214363
GAC,D,0.35,114918
GAA,E,0.71,260082
GAG,E,0.29,108411
TCT,S,0.26,133502
TCC,S,0.16,80612
TCA,S,0.21,106266
TCG,S,0.1,48524
TGT,C,0.63,45222
TGC,C,0.37,26520
TGA,*,0.29,3516
TGG,W,1,58416
CCT,P,0.31,77061
CCC,P,0.15,38414
CCA,P,0.41,103062
CCG,P,0.12,29916
CGT,R,0.15,36693
CGC,R,0.06,14645
CGA,R,0.07,17111
CGG,R,0.04,9872
ACT,T,0.35,114746
ACC,T,0.22,71204
ACA,T,0.3,100680
ACG,T,0.13,44995
AGT,S,0.16,80293
AGC,S,0.11,54825
AGA,R,0.48,120587
AGG,R,0.21,52322
GCT,A,0.38,119402
GCC,A,0.22,71065
GCA,A,0.29,91502
GCG,A,0.11,34754
GGT,G,0.47,135417
GGC,G,0.19,54977
GGA,G,0.22,61825
GGG,G,0.12,3388